Workbook

Sheet بيانات الموظفين
A1: الرقم الوظيفي | B1: الاسم | C1: الجنس | D1: القسم | E1: المسمى الوظيفي | F1: تاريخ التعيين | G1: سنوات الخبرة | H1: الراتب الشهري (ريال) | I1: حاصل على شهادة مهنية معتمدة
A2: 2001 | B2: منيرة الخالدي | C2: أنثى | D2: الموارد البشرية | E2: أخصائي موارد بشرية | F2: 43121 | G2: 5.8 | H2: 6200 | I2: لا
A3: 2002 | B3: بندر الدوسري | C3: ذكر | D3: تقنية المعلومات | E3: مطور برمجيات | F3: 44993 | G3: 6.7 | H3: 15700 | I3: لا
A4: 2003 | B4: سارة الحازمي | C4: أنثى | D4: العمليات | E4: منسق عمليات | F4: 45134 | G4: 6.3 | H4: 6900 | I4: نعم
A5: 2004 | B5: فهد الحازمي | C5: ذكر | D5: خدمة العملاء | E5: ممثل خدمة عملاء | F5: 43999 | G5: 8.6 | H5: 7200 | I5: نعم
A6: 2005 | B6: سلمان الدوسري | C6: ذكر | D6: المبيعات | E6: مندوب مبيعات | F6: 45047 | G6: 1.4 | H6: 5800 | I6: لا
A7: 2006 | B7: ماجد العمري | C7: ذكر | D7: المبيعات | E7: مشرف مبيعات | F7: 43963 | G7: 4.1 | H7: 9700 | I7: لا
A8: 2007 | B8: دانة الشهري | C8: أنثى | D8: الموارد البشرية | E8: أخصائي توظيف | F8: 43915 | G8: 9.3 | H8: 6200 | I8: نعم
A9: 2008 | B9: وليد البقمي | C9: ذكر | D9: المالية | E9: محلل مالي | F9: 42896 | G9: 14.4 | H9: 7600 | I9: لا
A10: 2009 | B10: صالح العمري | C10: ذكر | D10: المبيعات | E10: مشرف مبيعات | F10: 45170 | G10: 7.7 | H10: 12200 | I10: لا
A11: 2010 | B11: حمد الدوسري | C11: ذكر | D11: خدمة العملاء | E11: مشرف خدمة عملاء | F11: 42984 | G11: 11.1 | H11: 8700 | I11: لا
A12: 2011 | B12: يوسف العمري | C12: ذكر | D12: العمليات | E12: منسق عمليات | F12: 42828 | G12: 14.1 | H12: 7400 | I12: نعم
A13: 2012 | B13: الجوهرة العنزي | C13: أنثى | D13: تقنية المعلومات | E13: مطور برمجيات | F13: 44365 | G13: 6.2 | H13: 13000 | I13: نعم
... A261: 2260 | B261: سارة المالكي | C261: أنثى | D261: خدمة العملاء | E261: مشرف خدمة عملاء | F261: 43824 | G261: 13.8 | H261: 10000 | I261: لا

Sheet ملخص حسب القسم والمسمى
A1: القسم | B1: المسمى الوظيفي | C1: عدد الموظفين
A2: تقنية المعلومات | B2: مطور برمجيات | C2: =COUNTIFS('بيانات الموظفين'!$D$2:$D$261,A2,'بيانات الموظفين'!$E$2:$E$261,B2) -> 19
A3: تقنية المعلومات | B3: مهندس بيانات | C3: =COUNTIFS('بيانات الموظفين'!$D$2:$D$261,A3,'بيانات الموظفين'!$E$2:$E$261,B3) -> 10
A4: تقنية المعلومات | B4: محلل بيانات | C4: =COUNTIFS('بيانات الموظفين'!$D$2:$D$261,A4,'بيانات الموظفين'!$E$2:$E$261,B4) -> 12
A5: تقنية المعلومات | B5: مهندس شبكات | C5: =COUNTIFS('بيانات الموظفين'!$D$2:$D$261,A5,'بيانات الموظفين'!$E$2:$E$261,B5) -> 13
A6: تقنية المعلومات | B6: فني دعم تقني | C6: =COUNTIFS('بيانات الموظفين'!$D$2:$D$261,A6,'بيانات الموظفين'!$E$2:$E$261,B6) -> 12
A7: تقنية المعلومات | B7: مدير تقنية معلومات | C7: =COUNTIFS('بيانات الموظفين'!$D$2:$D$261,A7,'بيانات الموظفين'!$E$2:$E$261,B7) -> 2
A8: الموارد البشرية | B8: أخصائي موارد بشرية | C8: =COUNTIFS('بيانات الموظفين'!$D$2:$D$261,A8,'بيانات الموظفين'!$E$2:$E$261,B8) -> 11
A9: الموارد البشرية | B9: أخصائي توظيف | C9: =COUNTIFS('بيانات الموظفين'!$D$2:$D$261,A9,'بيانات الموظفين'!$E$2:$E$261,B9) -> 11
A10: الموارد البشرية | B10: مدير موارد بشرية | C10: =COUNTIFS('بيانات الموظفين'!$D$2:$D$261,A10,'بيانات الموظفين'!$E$2:$E$261,B10) -> 1
A11: المالية | B11: محاسب | C11: =COUNTIFS('بيانات الموظفين'!$D$2:$D$261,A11,'بيانات الموظفين'!$E$2:$E$261,B11) -> 11
A12: المالية | B12: محلل مالي | C12: =COUNTIFS('بيانات الموظفين'!$D$2:$D$261,A12,'بيانات الموظفين'!$E$2:$E$261,B12) -> 12
A13: المالية | B13: مدير مالي | C13: =COUNTIFS('بيانات الموظفين'!$D$2:$D$261,A13,'بيانات الموظفين'!$E$2:$E$261,B13) -> 5
... A23: العمليات | B23: مدير عمليات | C23: =COUNTIFS('بيانات الموظفين'!$D$2:$D$261,A23,'بيانات الموظفين'!$E$2:$E$261,B23) -> 6
A25: الإجمالي | C25: =SUM(C2:C23) -> 260
